key,value
version,2026.1
last_updated,2026-01-15
macrs_tables_3-year,"0.3333,0.4445,0.1481,0.0741"
macrs_tables_5-year,"0.2,0.32,0.192,0.1152,0.1152,0.0576"
macrs_tables_7-year,"0.1429,0.2449,0.1749,0.1249,0.0893,0.0892,0.0893,0.0446"
macrs_tables_15-year,"0.05,0.095,0.0855,0.077,0.0693,0.0623,0.059,0.059,0.0591,0.059,0.0591,0.059,0.0591,0.059,0.0591,0.0295"
macrs_tables_39-year,"0.02461,0.02564,0.02564,0.02564,0.02564,0.02564,0.02564,0.02564,0.02564,0.02564,0.02564,0.02564,0.02564,0.02564,0.02564,0.02564,0.02564,0.02564,0.02564,0.02564,0.02564,0.02564,0.02564,0.02564,0.02564,0.02564,0.02564,0.02564,0.02564,0.02564,0.02564,0.02564,0.02564,0.02564,0.02564,0.02564,0.02564,0.02564,0.02564,0.01391"
